method_id,method_name,source_sequences,Reported,No_reported,Reported_Rate
ChyTryPep,Chymotrypsin + Trypsin + Pepsin (pH=1.3),313149,192,312957,0.000613126658555512
ThePap,Thermolysin + Papain,154566,120,154446,0.0007763673770428167
PepPan,Pepsin + Pancreatic,138379,98,138281,0.0007081999436330657
ProteinaseK,Proteinase K,188918,72,188846,0.0003811177336198774
Thermolysin,Thermolysin,431224,91,431133,0.00021102721555386528
Papain,Papain,336030,131,335899,0.00038984614468946224
Pepsin,Pepsin (pH=1.3),437396,204,437192,0.0004663965834164007
Chymotrypsin,Chymotrypsin,458355,141,458214,0.00030762182151389207
Trypsin,Trypsin,386104,160,385944,0.00041439612125230505
