method_id,method_name,high_confidence_count,mean_final_prob,median_final_prob,mean_length
ChyTryPep,Chymotrypsin + Trypsin + Pepsin (pH=1.3),6159,0.999149739742279,0.9991310834884644,9.134275044650106
ThePap,Thermolysin + Papain,3102,0.9991770386695862,0.9991713762283325,8.926176660219214
PepPan,Pepsin + Pancreatic,1098,0.9991708397865295,0.9991589188575745,8.699453551912569
ProteinaseK,Proteinase K,577,0.999113142490387,0.9990967512130737,8.526863084922011
Thermolysin,Thermolysin,6252,0.9991248846054077,0.9991108775138855,9.207133717210493
Papain,Papain,3091,0.9991632103919983,0.9991523027420044,8.958589453251374
Pepsin,Pepsin (pH=1.3),2368,0.999121367931366,0.9991039633750916,9.169763513513514
Chymotrypsin,Chymotrypsin,4619,0.9991281032562256,0.9991104602813721,9.117774410045465
Trypsin,Trypsin,3837,0.9991365671157837,0.999117910861969,9.292415949960906
