Model,Threshold,N,Predicted_Bitter,Recognition_Rate,Mean_Prob,Min_Prob,Max_Prob
AA_LightGBM,0.5,2321342,436830,0.18817994074117472,0.255992205712218,0.002005700813922424,0.9988839326505519
FP_CatBoost,0.5,2321342,507172,0.21848224001461225,0.2906374485865448,0.00010978506063159335,0.999685107277638
PLM_MLP,0.5,2321342,578000,0.2489939009417828,0.29962113306335675,0.008291130745783448,0.9968340516090393
COMBO037_LinearSVM,0.5,2321342,522735,0.22518655157232326,0.30951382049843196,0.08267374610630733,0.9374624512583353
